{
  "/api/v2/berry-flavor/spicy" : {
    "transaction" : "/api/v2/berry-flavor/spicy",
    "sampleCount" : 81,
    "errorCount" : 0,
    "errorPct" : 0.0,
    "meanResTime" : 24.08641975308642,
    "medianResTime" : 22.0,
    "minResTime" : 17.0,
    "maxResTime" : 54.0,
    "pct1ResTime" : 32.8,
    "pct2ResTime" : 37.0,
    "pct3ResTime" : 54.0,
    "throughput" : 1.3537453621686668,
    "receivedKBytesPerSec" : 5.44819508452552,
    "sentKBytesPerSec" : 0.18508237373399739
  },
  "/api/v2/berry/iapapa" : {
    "transaction" : "/api/v2/berry/iapapa",
    "sampleCount" : 80,
    "errorCount" : 0,
    "errorPct" : 0.0,
    "meanResTime" : 31.94999999999997,
    "medianResTime" : 22.0,
    "minResTime" : 18.0,
    "maxResTime" : 142.0,
    "pct1ResTime" : 48.80000000000001,
    "pct2ResTime" : 127.40000000000009,
    "pct3ResTime" : 142.0,
    "throughput" : 1.3407296921349445,
    "receivedKBytesPerSec" : 2.515292043397744,
    "sentKBytesPerSec" : 0.17544704955672125
  },
  "/api/v2/berry-firmness/soft" : {
    "transaction" : "/api/v2/berry-firmness/soft",
    "sampleCount" : 80,
    "errorCount" : 0,
    "errorPct" : 0.0,
    "meanResTime" : 23.975,
    "medianResTime" : 21.0,
    "minResTime" : 19.0,
    "maxResTime" : 55.0,
    "pct1ResTime" : 35.60000000000002,
    "pct2ResTime" : 45.65000000000002,
    "pct3ResTime" : 55.0,
    "throughput" : 1.3482085678654487,
    "receivedKBytesPerSec" : 3.694720157192693,
    "sentKBytesPerSec" : 0.1856420000674104
  },
  "Total" : {
    "transaction" : "Total",
    "sampleCount" : 723,
    "errorCount" : 0,
    "errorPct" : 0.0,
    "meanResTime" : 26.77040110650071,
    "medianResTime" : 22.0,
    "minResTime" : 17.0,
    "maxResTime" : 247.0,
    "pct1ResTime" : 37.0,
    "pct2ResTime" : 48.0,
    "pct3ResTime" : 135.27999999999997,
    "throughput" : 12.052008668111352,
    "receivedKBytesPerSec" : 33.84525676154359,
    "sentKBytesPerSec" : 1.6281847755875978
  },
  "/api/v2/berry/razz" : {
    "transaction" : "/api/v2/berry/razz",
    "sampleCount" : 80,
    "errorCount" : 0,
    "errorPct" : 0.0,
    "meanResTime" : 29.712500000000002,
    "medianResTime" : 22.0,
    "minResTime" : 18.0,
    "maxResTime" : 143.0,
    "pct1ResTime" : 45.900000000000006,
    "pct2ResTime" : 52.80000000000001,
    "pct3ResTime" : 143.0,
    "throughput" : 1.3456459941800811,
    "receivedKBytesPerSec" : 2.552013028586567,
    "sentKBytesPerSec" : 0.17346217893727608
  },
  "/api/v2/berry-flavor/dry" : {
    "transaction" : "/api/v2/berry-flavor/dry",
    "sampleCount" : 80,
    "errorCount" : 0,
    "errorPct" : 0.0,
    "meanResTime" : 24.837500000000006,
    "medianResTime" : 22.0,
    "minResTime" : 18.0,
    "maxResTime" : 60.0,
    "pct1ResTime" : 29.900000000000006,
    "pct2ResTime" : 41.900000000000006,
    "pct3ResTime" : 60.0,
    "throughput" : 1.3481858474190669,
    "receivedKBytesPerSec" : 5.537337638399704,
    "sentKBytesPerSec" : 0.18168910834358518
  },
  "/api/v2/berry-firmness/hard" : {
    "transaction" : "/api/v2/berry-firmness/hard",
    "sampleCount" : 80,
    "errorCount" : 0,
    "errorPct" : 0.0,
    "meanResTime" : 25.2625,
    "medianResTime" : 21.0,
    "minResTime" : 18.0,
    "maxResTime" : 64.0,
    "pct1ResTime" : 40.900000000000006,
    "pct2ResTime" : 49.900000000000006,
    "pct3ResTime" : 64.0,
    "throughput" : 1.343115692627974,
    "receivedKBytesPerSec" : 3.4323229710558567,
    "sentKBytesPerSec" : 0.18494073502006278
  },
  "/api/v2/berry-firmness/very-soft" : {
    "transaction" : "/api/v2/berry-firmness/very-soft",
    "sampleCount" : 81,
    "errorCount" : 0,
    "errorPct" : 0.0,
    "meanResTime" : 24.09876543209876,
    "medianResTime" : 21.0,
    "minResTime" : 19.0,
    "maxResTime" : 53.0,
    "pct1ResTime" : 32.599999999999994,
    "pct2ResTime" : 36.89999999999999,
    "pct3ResTime" : 53.0,
    "throughput" : 1.3539490179690765,
    "receivedKBytesPerSec" : 2.9430565712494774,
    "sentKBytesPerSec" : 0.19304351232762224
  },
  "/api/v2/berry/pinap" : {
    "transaction" : "/api/v2/berry/pinap",
    "sampleCount" : 81,
    "errorCount" : 0,
    "errorPct" : 0.0,
    "meanResTime" : 33.518518518518526,
    "medianResTime" : 22.0,
    "minResTime" : 18.0,
    "maxResTime" : 247.0,
    "pct1ResTime" : 48.8,
    "pct2ResTime" : 135.19999999999993,
    "pct3ResTime" : 247.0,
    "throughput" : 1.3514415376401496,
    "receivedKBytesPerSec" : 2.5410242279264548,
    "sentKBytesPerSec" : 0.17552902783802724
  },
  "/api/v2/berry-flavor/sweet" : {
    "transaction" : "/api/v2/berry-flavor/sweet",
    "sampleCount" : 80,
    "errorCount" : 0,
    "errorPct" : 0.0,
    "meanResTime" : 23.475000000000005,
    "medianResTime" : 22.0,
    "minResTime" : 19.0,
    "maxResTime" : 44.0,
    "pct1ResTime" : 28.900000000000006,
    "pct2ResTime" : 32.95,
    "pct3ResTime" : 44.0,
    "throughput" : 1.3430931435095024,
    "receivedKBytesPerSec" : 5.405294095426767,
    "sentKBytesPerSec" : 0.18362601571418977
  }
}