{
  "Find Character : Bart" : {
    "transaction" : "Find Character : Bart",
    "sampleCount" : 1755,
    "errorCount" : 0,
    "errorPct" : 0.0,
    "meanResTime" : 320.04501424501444,
    "medianResTime" : 296.0,
    "minResTime" : 285.0,
    "maxResTime" : 1251.0,
    "pct1ResTime" : 363.0,
    "pct2ResTime" : 480.0,
    "pct3ResTime" : 635.3200000000002,
    "throughput" : 4.8795949519130515,
    "receivedKBytesPerSec" : 9.015814110370599,
    "sentKBytesPerSec" : 0.7052539578936832
  },
  "Find Character : Ned" : {
    "transaction" : "Find Character : Ned",
    "sampleCount" : 1754,
    "errorCount" : 0,
    "errorPct" : 0.0,
    "meanResTime" : 320.89338654503996,
    "medianResTime" : 296.0,
    "minResTime" : 283.0,
    "maxResTime" : 1267.0,
    "pct1ResTime" : 368.0,
    "pct2ResTime" : 516.5,
    "pct3ResTime" : 601.45,
    "throughput" : 4.891461972647971,
    "receivedKBytesPerSec" : 5.526778810892288,
    "sentKBytesPerSec" : 0.7021922949016131
  },
  "Find Character : Lisa" : {
    "transaction" : "Find Character : Lisa",
    "sampleCount" : 1755,
    "errorCount" : 0,
    "errorPct" : 0.0,
    "meanResTime" : 324.7236467236472,
    "medianResTime" : 302.0,
    "minResTime" : 285.0,
    "maxResTime" : 1263.0,
    "pct1ResTime" : 365.8000000000002,
    "pct2ResTime" : 503.39999999999964,
    "pct3ResTime" : 613.8800000000001,
    "throughput" : 4.872766648619383,
    "receivedKBytesPerSec" : 15.16553448159177,
    "sentKBytesPerSec" : 0.7042670546832701
  },
  "Total" : {
    "transaction" : "Total",
    "sampleCount" : 8774,
    "errorCount" : 0,
    "errorPct" : 0.0,
    "meanResTime" : 321.0281513562807,
    "medianResTime" : 297.0,
    "minResTime" : 283.0,
    "maxResTime" : 1294.0,
    "pct1ResTime" : 364.0,
    "pct2ResTime" : 498.25,
    "pct3ResTime" : 608.25,
    "throughput" : 24.356052509583915,
    "receivedKBytesPerSec" : 39.32780780606764,
    "sentKBytesPerSec" : 3.515455841469136
  },
  "Find Character : Apu" : {
    "transaction" : "Find Character : Apu",
    "sampleCount" : 1755,
    "errorCount" : 0,
    "errorPct" : 0.0,
    "meanResTime" : 319.10541310541333,
    "medianResTime" : 296.0,
    "minResTime" : 284.0,
    "maxResTime" : 1124.0,
    "pct1ResTime" : 359.0,
    "pct2ResTime" : 483.1999999999989,
    "pct3ResTime" : 608.3200000000002,
    "throughput" : 4.883437494782652,
    "receivedKBytesPerSec" : 5.455715326202495,
    "sentKBytesPerSec" : 0.7010403434893065
  },
  "Find Character : Maude" : {
    "transaction" : "Find Character : Maude",
    "sampleCount" : 1755,
    "errorCount" : 0,
    "errorPct" : 0.0,
    "meanResTime" : 320.3732193732192,
    "medianResTime" : 296.0,
    "minResTime" : 284.0,
    "maxResTime" : 1294.0,
    "pct1ResTime" : 364.0,
    "pct2ResTime" : 502.9999999999991,
    "pct3ResTime" : 603.8800000000001,
    "throughput" : 4.887612756251548,
    "receivedKBytesPerSec" : 4.233703627729613,
    "sentKBytesPerSec" : 0.7111858405092586
  }
}