{
  "/api/v2/pokedex/kanto" : {
    "transaction" : "/api/v2/pokedex/kanto",
    "sampleCount" : 80,
    "errorCount" : 0,
    "errorPct" : 0.0,
    "meanResTime" : 28.712499999999995,
    "medianResTime" : 22.0,
    "minResTime" : 19.0,
    "maxResTime" : 350.0,
    "pct1ResTime" : 34.900000000000006,
    "pct2ResTime" : 54.65000000000002,
    "pct3ResTime" : 350.0,
    "throughput" : 1.3448768597125325,
    "receivedKBytesPerSec" : 25.292812788938388,
    "sentKBytesPerSec" : 0.1773031016222577
  },
  "/api/v2/version-group/yellow" : {
    "transaction" : "/api/v2/version-group/yellow",
    "sampleCount" : 80,
    "errorCount" : 0,
    "errorPct" : 0.0,
    "meanResTime" : 25.7,
    "medianResTime" : 21.0,
    "minResTime" : 18.0,
    "maxResTime" : 145.0,
    "pct1ResTime" : 37.900000000000006,
    "pct2ResTime" : 48.95,
    "pct3ResTime" : 145.0,
    "throughput" : 1.3424620754463685,
    "receivedKBytesPerSec" : 2.237201905247349,
    "sentKBytesPerSec" : 0.1861617331185394
  },
  "/api/v2/version-group/red-blue" : {
    "transaction" : "/api/v2/version-group/red-blue",
    "sampleCount" : 81,
    "errorCount" : 0,
    "errorPct" : 0.0,
    "meanResTime" : 24.23456790123456,
    "medianResTime" : 21.0,
    "minResTime" : 18.0,
    "maxResTime" : 133.0,
    "pct1ResTime" : 28.0,
    "pct2ResTime" : 40.49999999999996,
    "pct3ResTime" : 133.0,
    "throughput" : 1.3533382343113012,
    "receivedKBytesPerSec" : 2.3325929219157255,
    "sentKBytesPerSec" : 0.19031318920002674
  },
  "/api/v2/version/yellow" : {
    "transaction" : "/api/v2/version/yellow",
    "sampleCount" : 80,
    "errorCount" : 0,
    "errorPct" : 0.0,
    "meanResTime" : 22.637499999999992,
    "medianResTime" : 22.0,
    "minResTime" : 18.0,
    "maxResTime" : 55.0,
    "pct1ResTime" : 25.900000000000006,
    "pct2ResTime" : 32.0,
    "pct3ResTime" : 55.0,
    "throughput" : 1.3432058966738865,
    "receivedKBytesPerSec" : 2.69797136557867,
    "sentKBytesPerSec" : 0.17839453315200055
  },
  "/api/v2/version/red" : {
    "transaction" : "/api/v2/version/red",
    "sampleCount" : 81,
    "errorCount" : 0,
    "errorPct" : 0.0,
    "meanResTime" : 28.864197530864196,
    "medianResTime" : 21.0,
    "minResTime" : 17.0,
    "maxResTime" : 362.0,
    "pct1ResTime" : 39.19999999999999,
    "pct2ResTime" : 49.79999999999998,
    "pct3ResTime" : 362.0,
    "throughput" : 1.3542206543727953,
    "receivedKBytesPerSec" : 2.670056702765285,
    "sentKBytesPerSec" : 0.17588998733552905
  },
  "/api/v2/pokedex/original-johto" : {
    "transaction" : "/api/v2/pokedex/original-johto",
    "sampleCount" : 80,
    "errorCount" : 0,
    "errorPct" : 0.0,
    "meanResTime" : 26.025,
    "medianResTime" : 23.0,
    "minResTime" : 19.0,
    "maxResTime" : 73.0,
    "pct1ResTime" : 38.50000000000003,
    "pct2ResTime" : 43.95,
    "pct3ResTime" : 73.0,
    "throughput" : 1.341314152540952,
    "receivedKBytesPerSec" : 39.90033014142481,
    "sentKBytesPerSec" : 0.18862230270107136
  },
  "/api/v2/version/gold" : {
    "transaction" : "/api/v2/version/gold",
    "sampleCount" : 80,
    "errorCount" : 0,
    "errorPct" : 0.0,
    "meanResTime" : 23.049999999999994,
    "medianResTime" : 21.0,
    "minResTime" : 18.0,
    "maxResTime" : 49.0,
    "pct1ResTime" : 31.900000000000006,
    "pct2ResTime" : 37.95,
    "pct3ResTime" : 49.0,
    "throughput" : 1.3415390807103449,
    "receivedKBytesPerSec" : 2.6453473747757115,
    "sentKBytesPerSec" : 0.17555296563983028
  },
  "/api/v2/generation/generation-i" : {
    "transaction" : "/api/v2/generation/generation-i",
    "sampleCount" : 81,
    "errorCount" : 0,
    "errorPct" : 0.0,
    "meanResTime" : 31.716049382716022,
    "medianResTime" : 22.0,
    "minResTime" : 19.0,
    "maxResTime" : 215.0,
    "pct1ResTime" : 45.8,
    "pct2ResTime" : 110.99999999999966,
    "pct3ResTime" : 215.0,
    "throughput" : 1.3514189899394364,
    "receivedKBytesPerSec" : 32.809466215568015,
    "sentKBytesPerSec" : 0.19136304056759598
  },
  "/api/v2/pokedex/national" : {
    "transaction" : "/api/v2/pokedex/national",
    "sampleCount" : 81,
    "errorCount" : 0,
    "errorPct" : 0.0,
    "meanResTime" : 37.17283950617285,
    "medianResTime" : 28.0,
    "minResTime" : 24.0,
    "maxResTime" : 229.0,
    "pct1ResTime" : 49.0,
    "pct2ResTime" : 59.29999999999994,
    "pct3ResTime" : 229.0,
    "throughput" : 1.3534739163853893,
    "receivedKBytesPerSec" : 154.2133109094593,
    "sentKBytesPerSec" : 0.18240175826287472
  },
  "/api/v2/generation/generation-ii" : {
    "transaction" : "/api/v2/generation/generation-ii",
    "sampleCount" : 80,
    "errorCount" : 0,
    "errorPct" : 0.0,
    "meanResTime" : 33.8375,
    "medianResTime" : 24.0,
    "minResTime" : 20.0,
    "maxResTime" : 184.0,
    "pct1ResTime" : 51.900000000000006,
    "pct2ResTime" : 115.95,
    "pct3ResTime" : 184.0,
    "throughput" : 1.3427549975662567,
    "receivedKBytesPerSec" : 20.380454024278688,
    "sentKBytesPerSec" : 0.19144748988737642
  },
  "Total" : {
    "transaction" : "Total",
    "sampleCount" : 964,
    "errorCount" : 0,
    "errorPct" : 0.0,
    "meanResTime" : 27.985477178423235,
    "medianResTime" : 22.0,
    "minResTime" : 17.0,
    "maxResTime" : 362.0,
    "pct1ResTime" : 38.0,
    "pct2ResTime" : 49.75,
    "pct3ResTime" : 137.20000000000027,
    "throughput" : 16.05462569739362,
    "receivedKBytesPerSec" : 319.6652803366225,
    "sentKBytesPerSec" : 2.2092805395953032
  },
  "/api/v2/generation/generation-iii" : {
    "transaction" : "/api/v2/generation/generation-iii",
    "sampleCount" : 80,
    "errorCount" : 0,
    "errorPct" : 0.0,
    "meanResTime" : 29.437500000000014,
    "medianResTime" : 23.0,
    "minResTime" : 20.0,
    "maxResTime" : 119.0,
    "pct1ResTime" : 40.0,
    "pct2ResTime" : 58.900000000000006,
    "pct3ResTime" : 119.0,
    "throughput" : 1.3403702772891013,
    "receivedKBytesPerSec" : 33.621532577280725,
    "sentKBytesPerSec" : 0.19241643629052524
  },
  "/api/v2/version-group/gold-silver" : {
    "transaction" : "/api/v2/version-group/gold-silver",
    "sampleCount" : 80,
    "errorCount" : 0,
    "errorPct" : 0.0,
    "meanResTime" : 24.31250000000001,
    "medianResTime" : 21.0,
    "minResTime" : 18.0,
    "maxResTime" : 67.0,
    "pct1ResTime" : 37.10000000000005,
    "pct2ResTime" : 52.50000000000003,
    "pct3ResTime" : 67.0,
    "throughput" : 1.341629073102014,
    "receivedKBytesPerSec" : 2.388302828741049,
    "sentKBytesPerSec" : 0.1925971423300743
  }
}