{
  "/api/v2/super-contest-effect/2" : {
    "transaction" : "/api/v2/super-contest-effect/2",
    "sampleCount" : 80,
    "errorCount" : 0,
    "errorPct" : 0.0,
    "meanResTime" : 23.124999999999996,
    "medianResTime" : 21.0,
    "minResTime" : 19.0,
    "maxResTime" : 82.0,
    "pct1ResTime" : 25.0,
    "pct2ResTime" : 30.950000000000003,
    "pct3ResTime" : 82.0,
    "throughput" : 1.3498920086393087,
    "receivedKBytesPerSec" : 2.392531986112986,
    "sentKBytesPerSec" : 0.1898285637149028
  },
  "/api/v2/super-contest-effect/3" : {
    "transaction" : "/api/v2/super-contest-effect/3",
    "sampleCount" : 80,
    "errorCount" : 80,
    "errorPct" : 100.0,
    "meanResTime" : 23.000000000000007,
    "medianResTime" : 21.0,
    "minResTime" : 18.0,
    "maxResTime" : 47.0,
    "pct1ResTime" : 28.600000000000023,
    "pct2ResTime" : 43.0,
    "pct3ResTime" : 47.0,
    "throughput" : 1.343251003240593,
    "receivedKBytesPerSec" : 1.3006677164313178,
    "sentKBytesPerSec" : 0.1888946723307084
  },
  "Total" : {
    "transaction" : "Total",
    "sampleCount" : 723,
    "errorCount" : 80,
    "errorPct" : 11.065007,
    "meanResTime" : 26.352697095435673,
    "medianResTime" : 22.0,
    "minResTime" : 17.0,
    "maxResTime" : 203.0,
    "pct1ResTime" : 37.0,
    "pct2ResTime" : 46.0,
    "pct3ResTime" : 154.51999999999998,
    "throughput" : 12.049598346721776,
    "receivedKBytesPerSec" : 19.510287157094762,
    "sentKBytesPerSec" : 1.653932499125029
  },
  "/api/v2/super-contest-effect/1" : {
    "transaction" : "/api/v2/super-contest-effect/1",
    "sampleCount" : 81,
    "errorCount" : 0,
    "errorPct" : 0.0,
    "meanResTime" : 22.8395061728395,
    "medianResTime" : 21.0,
    "minResTime" : 19.0,
    "maxResTime" : 43.0,
    "pct1ResTime" : 28.599999999999994,
    "pct2ResTime" : 34.599999999999966,
    "pct3ResTime" : 43.0,
    "throughput" : 1.3542206543727953,
    "receivedKBytesPerSec" : 3.1087285842960557,
    "sentKBytesPerSec" : 0.1904372795211743
  },
  "/api/v2/contest-type/cute" : {
    "transaction" : "/api/v2/contest-type/cute",
    "sampleCount" : 80,
    "errorCount" : 0,
    "errorPct" : 0.0,
    "meanResTime" : 31.087499999999984,
    "medianResTime" : 22.0,
    "minResTime" : 18.0,
    "maxResTime" : 203.0,
    "pct1ResTime" : 45.80000000000001,
    "pct2ResTime" : 53.900000000000006,
    "pct3ResTime" : 203.0,
    "throughput" : 1.3404825737265416,
    "receivedKBytesPerSec" : 2.2979981777815013,
    "sentKBytesPerSec" : 0.18196003686327078
  },
  "/api/v2/contest-effect/3" : {
    "transaction" : "/api/v2/contest-effect/3",
    "sampleCount" : 80,
    "errorCount" : 0,
    "errorPct" : 0.0,
    "meanResTime" : 24.0125,
    "medianResTime" : 21.0,
    "minResTime" : 17.0,
    "maxResTime" : 114.0,
    "pct1ResTime" : 27.0,
    "pct2ResTime" : 43.80000000000001,
    "pct3ResTime" : 114.0,
    "throughput" : 1.3431382425036096,
    "receivedKBytesPerSec" : 1.9567320607098486,
    "sentKBytesPerSec" : 0.18100886471240052
  },
  "/api/v2/contest-effect/2" : {
    "transaction" : "/api/v2/contest-effect/2",
    "sampleCount" : 80,
    "errorCount" : 0,
    "errorPct" : 0.0,
    "meanResTime" : 24.549999999999986,
    "medianResTime" : 22.0,
    "minResTime" : 18.0,
    "maxResTime" : 52.0,
    "pct1ResTime" : 36.80000000000001,
    "pct2ResTime" : 39.900000000000006,
    "pct3ResTime" : 52.0,
    "throughput" : 1.3494821362302216,
    "receivedKBytesPerSec" : 2.0517004529199423,
    "sentKBytesPerSec" : 0.18186380351540096
  },
  "/api/v2/contest-effect/1" : {
    "transaction" : "/api/v2/contest-effect/1",
    "sampleCount" : 81,
    "errorCount" : 0,
    "errorPct" : 0.0,
    "meanResTime" : 25.81481481481482,
    "medianResTime" : 22.0,
    "minResTime" : 17.0,
    "maxResTime" : 57.0,
    "pct1ResTime" : 44.0,
    "pct2ResTime" : 49.699999999999974,
    "pct3ResTime" : 57.0,
    "throughput" : 1.3538132406277683,
    "receivedKBytesPerSec" : 1.9038488356788286,
    "sentKBytesPerSec" : 0.18244748750647657
  },
  "/api/v2/contest-type/cool" : {
    "transaction" : "/api/v2/contest-type/cool",
    "sampleCount" : 81,
    "errorCount" : 0,
    "errorPct" : 0.0,
    "meanResTime" : 31.679012345679013,
    "medianResTime" : 22.0,
    "minResTime" : 19.0,
    "maxResTime" : 157.0,
    "pct1ResTime" : 49.39999999999999,
    "pct2ResTime" : 137.99999999999923,
    "pct3ResTime" : 157.0,
    "throughput" : 1.3514415376401496,
    "receivedKBytesPerSec" : 2.314790072952816,
    "sentKBytesPerSec" : 0.18344763059763747
  },
  "/api/v2/contest-type/beauty" : {
    "transaction" : "/api/v2/contest-type/beauty",
    "sampleCount" : 80,
    "errorCount" : 0,
    "errorPct" : 0.0,
    "meanResTime" : 31.049999999999994,
    "medianResTime" : 21.5,
    "minResTime" : 19.0,
    "maxResTime" : 164.0,
    "pct1ResTime" : 45.60000000000002,
    "pct2ResTime" : 85.2000000000001,
    "pct3ResTime" : 164.0,
    "throughput" : 1.346189442509297,
    "receivedKBytesPerSec" : 2.3135987745469233,
    "sentKBytesPerSec" : 0.18536397597051846
  }
}