{
  "Create Board : FourthBoard" : {
    "transaction" : "Create Board : FourthBoard",
    "sampleCount" : 4,
    "errorCount" : 0,
    "errorPct" : 0.0,
    "meanResTime" : 483.25,
    "medianResTime" : 452.0,
    "minResTime" : 409.0,
    "maxResTime" : 620.0,
    "pct1ResTime" : 620.0,
    "pct2ResTime" : 620.0,
    "pct3ResTime" : 620.0,
    "throughput" : 0.05506759547344365,
    "receivedKBytesPerSec" : 0.20085690341143753,
    "sentKBytesPerSec" : 0.025328942839835895
  },
  "Modify Board" : {
    "transaction" : "Modify Board",
    "sampleCount" : 16,
    "errorCount" : 0,
    "errorPct" : 0.0,
    "meanResTime" : 324.93750000000006,
    "medianResTime" : 315.0,
    "minResTime" : 271.0,
    "maxResTime" : 406.0,
    "pct1ResTime" : 403.9,
    "pct2ResTime" : 406.0,
    "pct3ResTime" : 406.0,
    "throughput" : 0.1814490978577666,
    "receivedKBytesPerSec" : 0.6587497093979292,
    "sentKBytesPerSec" : 0.09101249305390172
  },
  "Delete Board" : {
    "transaction" : "Delete Board",
    "sampleCount" : 16,
    "errorCount" : 0,
    "errorPct" : 0.0,
    "meanResTime" : 1288.5,
    "medianResTime" : 1309.5,
    "minResTime" : 921.0,
    "maxResTime" : 1636.0,
    "pct1ResTime" : 1570.9,
    "pct2ResTime" : 1636.0,
    "pct3ResTime" : 1636.0,
    "throughput" : 0.1791191814253409,
    "receivedKBytesPerSec" : 0.3468684929359873,
    "sentKBytesPerSec" : 0.08011385262969349
  },
  "Create Board : SecondBoard" : {
    "transaction" : "Create Board : SecondBoard",
    "sampleCount" : 4,
    "errorCount" : 0,
    "errorPct" : 0.0,
    "meanResTime" : 417.5,
    "medianResTime" : 407.0,
    "minResTime" : 390.0,
    "maxResTime" : 466.0,
    "pct1ResTime" : 466.0,
    "pct2ResTime" : 466.0,
    "pct3ResTime" : 466.0,
    "throughput" : 0.055231835630057166,
    "receivedKBytesPerSec" : 0.2015099003065367,
    "sentKBytesPerSec" : 0.025458424235729474
  },
  "Create List" : {
    "transaction" : "Create List",
    "sampleCount" : 16,
    "errorCount" : 0,
    "errorPct" : 0.0,
    "meanResTime" : 245.9375,
    "medianResTime" : 239.0,
    "minResTime" : 218.0,
    "maxResTime" : 306.0,
    "pct1ResTime" : 283.6,
    "pct2ResTime" : 306.0,
    "pct3ResTime" : 306.0,
    "throughput" : 0.18162005085361424,
    "receivedKBytesPerSec" : 0.3747687182164911,
    "sentKBytesPerSec" : 0.08548912549945514
  },
  "Total" : {
    "transaction" : "Total",
    "sampleCount" : 64,
    "errorCount" : 0,
    "errorPct" : 0.0,
    "meanResTime" : 578.2968749999998,
    "medianResTime" : 398.5,
    "minResTime" : 218.0,
    "maxResTime" : 1636.0,
    "pct1ResTime" : 1383.5,
    "pct2ResTime" : 1453.25,
    "pct3ResTime" : 1636.0,
    "throughput" : 0.7072292085663138,
    "receivedKBytesPerSec" : 1.9938519749928172,
    "sentKBytesPerSec" : 0.33222592796207484
  },
  "Create Board : FirstBoard" : {
    "transaction" : "Create Board : FirstBoard",
    "sampleCount" : 4,
    "errorCount" : 0,
    "errorPct" : 0.0,
    "meanResTime" : 450.75,
    "medianResTime" : 413.0,
    "minResTime" : 398.0,
    "maxResTime" : 579.0,
    "pct1ResTime" : 579.0,
    "pct2ResTime" : 579.0,
    "pct3ResTime" : 579.0,
    "throughput" : 0.057276228933087044,
    "receivedKBytesPerSec" : 0.2087450062287899,
    "sentKBytesPerSec" : 0.026232960321892405
  },
  "Create Board : AnahiBoard" : {
    "transaction" : "Create Board : AnahiBoard",
    "sampleCount" : 4,
    "errorCount" : 0,
    "errorPct" : 0.0,
    "meanResTime" : 463.75,
    "medianResTime" : 466.0,
    "minResTime" : 400.0,
    "maxResTime" : 523.0,
    "pct1ResTime" : 523.0,
    "pct2ResTime" : 523.0,
    "pct3ResTime" : 523.0,
    "throughput" : 0.055316618495111394,
    "receivedKBytesPerSec" : 0.20165716488501056,
    "sentKBytesPerSec" : 0.02538946356709214
  }
}