{
  "/api/v2/region/johto" : {
    "transaction" : "/api/v2/region/johto",
    "sampleCount" : 80,
    "errorCount" : 0,
    "errorPct" : 0.0,
    "meanResTime" : 24.474999999999994,
    "medianResTime" : 21.0,
    "minResTime" : 18.0,
    "maxResTime" : 55.0,
    "pct1ResTime" : 41.50000000000003,
    "pct2ResTime" : 50.750000000000014,
    "pct3ResTime" : 55.0,
    "throughput" : 1.3480949732908682,
    "receivedKBytesPerSec" : 9.51924221264513,
    "sentKBytesPerSec" : 0.17641086564548472
  },
  "/api/v2/region/hoenn" : {
    "transaction" : "/api/v2/region/hoenn",
    "sampleCount" : 80,
    "errorCount" : 0,
    "errorPct" : 0.0,
    "meanResTime" : 25.274999999999995,
    "medianResTime" : 21.5,
    "minResTime" : 18.0,
    "maxResTime" : 136.0,
    "pct1ResTime" : 33.60000000000002,
    "pct2ResTime" : 44.900000000000006,
    "pct3ResTime" : 136.0,
    "throughput" : 1.3456459941800811,
    "receivedKBytesPerSec" : 13.410564740290322,
    "sentKBytesPerSec" : 0.17609039376965904
  },
  "/api/v2/location-area/pastoria-city-area" : {
    "transaction" : "/api/v2/location-area/pastoria-city-area",
    "sampleCount" : 80,
    "errorCount" : 0,
    "errorPct" : 0.0,
    "meanResTime" : 24.5125,
    "medianResTime" : 22.0,
    "minResTime" : 19.0,
    "maxResTime" : 49.0,
    "pct1ResTime" : 31.900000000000006,
    "pct2ResTime" : 42.900000000000006,
    "pct3ResTime" : 49.0,
    "throughput" : 1.345464942229099,
    "receivedKBytesPerSec" : 20.582985754889922,
    "sentKBytesPerSec" : 0.20234531357742308
  },
  "/api/v2/pal-park-area/mountain" : {
    "transaction" : "/api/v2/pal-park-area/mountain",
    "sampleCount" : 80,
    "errorCount" : 0,
    "errorPct" : 0.0,
    "meanResTime" : 23.525000000000002,
    "medianResTime" : 23.0,
    "minResTime" : 19.0,
    "maxResTime" : 41.0,
    "pct1ResTime" : 28.0,
    "pct2ResTime" : 32.900000000000006,
    "pct3ResTime" : 41.0,
    "throughput" : 1.3484585433276586,
    "receivedKBytesPerSec" : 24.021261398688626,
    "sentKBytesPerSec" : 0.189626982655452
  },
  "/api/v2/location/eterna-city" : {
    "transaction" : "/api/v2/location/eterna-city",
    "sampleCount" : 80,
    "errorCount" : 0,
    "errorPct" : 0.0,
    "meanResTime" : 30.61249999999998,
    "medianResTime" : 21.0,
    "minResTime" : 19.0,
    "maxResTime" : 142.0,
    "pct1ResTime" : 47.80000000000001,
    "pct2ResTime" : 125.00000000000017,
    "pct3ResTime" : 142.0,
    "throughput" : 1.346053539279525,
    "receivedKBytesPerSec" : 2.224241740699611,
    "sentKBytesPerSec" : 0.18665976814227786
  },
  "/api/v2/location-area/eterna-city-area" : {
    "transaction" : "/api/v2/location-area/eterna-city-area",
    "sampleCount" : 80,
    "errorCount" : 0,
    "errorPct" : 0.0,
    "meanResTime" : 26.262499999999992,
    "medianResTime" : 22.0,
    "minResTime" : 20.0,
    "maxResTime" : 130.0,
    "pct1ResTime" : 36.50000000000003,
    "pct2ResTime" : 48.0,
    "pct3ResTime" : 130.0,
    "throughput" : 1.3484585433276586,
    "receivedKBytesPerSec" : 19.037429732668095,
    "sentKBytesPerSec" : 0.20016181502519934
  },
  "/api/v2/location-area/canalave-city-area" : {
    "transaction" : "/api/v2/location-area/canalave-city-area",
    "sampleCount" : 81,
    "errorCount" : 0,
    "errorPct" : 0.0,
    "meanResTime" : 26.148148148148156,
    "medianResTime" : 22.0,
    "minResTime" : 20.0,
    "maxResTime" : 151.0,
    "pct1ResTime" : 33.8,
    "pct2ResTime" : 46.699999999999974,
    "pct3ResTime" : 151.0,
    "throughput" : 1.3544923997926457,
    "receivedKBytesPerSec" : 21.148838308514907,
    "sentKBytesPerSec" : 0.20370295856256584
  },
  "/api/v2/location/canalave-city" : {
    "transaction" : "/api/v2/location/canalave-city",
    "sampleCount" : 81,
    "errorCount" : 0,
    "errorPct" : 0.0,
    "meanResTime" : 31.395061728395063,
    "medianResTime" : 22.0,
    "minResTime" : 18.0,
    "maxResTime" : 253.0,
    "pct1ResTime" : 46.999999999999986,
    "pct2ResTime" : 123.89999999999931,
    "pct3ResTime" : 253.0,
    "throughput" : 1.351982908265456,
    "receivedKBytesPerSec" : 2.1284961433018426,
    "sentKBytesPerSec" : 0.19012259647482976
  },
  "Total" : {
    "transaction" : "Total",
    "sampleCount" : 964,
    "errorCount" : 0,
    "errorPct" : 0.0,
    "meanResTime" : 26.198132780082982,
    "medianResTime" : 22.0,
    "minResTime" : 18.0,
    "maxResTime" : 253.0,
    "pct1ResTime" : 35.0,
    "pct2ResTime" : 46.0,
    "pct3ResTime" : 134.05000000000007,
    "throughput" : 16.06880917455661,
    "receivedKBytesPerSec" : 152.71876745024338,
    "sentKBytesPerSec" : 2.2453189071042807
  },
  "/api/v2/pal-park-area/sea" : {
    "transaction" : "/api/v2/pal-park-area/sea",
    "sampleCount" : 80,
    "errorCount" : 0,
    "errorPct" : 0.0,
    "meanResTime" : 24.91250000000001,
    "medianResTime" : 22.0,
    "minResTime" : 19.0,
    "maxResTime" : 52.0,
    "pct1ResTime" : 37.900000000000006,
    "pct2ResTime" : 47.95,
    "pct3ResTime" : 52.0,
    "throughput" : 1.345464942229099,
    "receivedKBytesPerSec" : 10.507568765872282,
    "sentKBytesPerSec" : 0.18263635446273901
  },
  "/api/v2/location/pastoria-city" : {
    "transaction" : "/api/v2/location/pastoria-city",
    "sampleCount" : 80,
    "errorCount" : 0,
    "errorPct" : 0.0,
    "meanResTime" : 28.925000000000008,
    "medianResTime" : 21.5,
    "minResTime" : 19.0,
    "maxResTime" : 138.0,
    "pct1ResTime" : 40.0,
    "pct2ResTime" : 51.85000000000001,
    "pct3ResTime" : 138.0,
    "throughput" : 1.343251003240593,
    "receivedKBytesPerSec" : 2.1150956226807933,
    "sentKBytesPerSec" : 0.1888946723307084
  },
  "/api/v2/pal-park-area/forest" : {
    "transaction" : "/api/v2/pal-park-area/forest",
    "sampleCount" : 81,
    "errorCount" : 0,
    "errorPct" : 0.0,
    "meanResTime" : 23.7037037037037,
    "medianResTime" : 22.0,
    "minResTime" : 19.0,
    "maxResTime" : 55.0,
    "pct1ResTime" : 29.799999999999997,
    "pct2ResTime" : 38.39999999999995,
    "pct3ResTime" : 55.0,
    "throughput" : 1.354515050167224,
    "receivedKBytesPerSec" : 16.634158131270905,
    "sentKBytesPerSec" : 0.18783314172240803
  },
  "/api/v2/region/kanto" : {
    "transaction" : "/api/v2/region/kanto",
    "sampleCount" : 81,
    "errorCount" : 0,
    "errorPct" : 0.0,
    "meanResTime" : 24.617283950617285,
    "medianResTime" : 21.0,
    "minResTime" : 18.0,
    "maxResTime" : 146.0,
    "pct1ResTime" : 26.799999999999997,
    "pct2ResTime" : 41.699999999999974,
    "pct3ResTime" : 146.0,
    "throughput" : 1.3543112240632682,
    "receivedKBytesPerSec" : 12.56411686577271,
    "sentKBytesPerSec" : 0.17722432033640423
  }
}